F,R,Well
GCTA,GAGC,A1
TGTGT,GAGC,A2
AGTCTG,GAGC,A3
ATCA,GAGC,A4
GACGA,GAGC,A5
TCGTCG,GAGC,A6
TGCT,GAGC,A7
CAGTT,GAGC,A8
ACATGT,GAGC,A9
GCGG,GAGC,A10
GTTGA,GAGC,A11
GTGGCT,GAGC,A12
GCTA,ACTAG,B1
TGTGT,ACTAG,B2
AGTCTG,ACTAG,B3
ATCA,ACTAG,B4
GACGA,ACTAG,B5
TCGTCG,ACTAG,B6
TGCT,ACTAG,B7
CAGTT,ACTAG,B8
ACATGT,ACTAG,B9
GCGG,ACTAG,B10
GTTGA,ACTAG,B11
GTGGCT,ACTAG,B12
GCTA,GATCTA,C1
TGTGT,GATCTA,C2
AGTCTG,GATCTA,C3
ATCA,GATCTA,C4
GACGA,GATCTA,C5
TCGTCG,GATCTA,C6
TGCT,GATCTA,C7
CAGTT,GATCTA,C8
ACATGT,GATCTA,C9
GCGG,GATCTA,C10
GTTGA,GATCTA,C11
GTGGCT,GATCTA,C12
GCTA,GCGA,D1
TGTGT,GCGA,D2
AGTCTG,GCGA,D3
ATCA,GCGA,D4
GACGA,GCGA,D5
TCGTCG,GCGA,D6
TGCT,GCGA,D7
CAGTT,GCGA,D8
ACATGT,GCGA,D9
GCGG,GCGA,D10
GTTGA,GCGA,D11
GTGGCT,GCGA,D12
GCTA,TAAGG,E1
TGTGT,TAAGG,E2
AGTCTG,TAAGG,E3
ATCA,TAAGG,E4
GACGA,TAAGG,E5
TCGTCG,TAAGG,E6
TGCT,TAAGG,E7
CAGTT,TAAGG,E8
ACATGT,TAAGG,E9
GCGG,TAAGG,E10
GTTGA,TAAGG,E11
GTGGCT,TAAGG,E12
GCTA,GTTATG,F1
TGTGT,GTTATG,F2
AGTCTG,GTTATG,F3
ATCA,GTTATG,F4
GACGA,GTTATG,F5
TCGTCG,GTTATG,F6
TGCT,GTTATG,F7
CAGTT,GTTATG,F8
ACATGT,GTTATG,F9
GCGG,GTTATG,F10
GTTGA,GTTATG,F11
GTGGCT,GTTATG,F12
GCTA,TCTG,G1
TGTGT,TCTG,G2
AGTCTG,TCTG,G3
ATCA,TCTG,G4
GACGA,TCTG,G5
TCGTCG,TCTG,G6
TGCT,TCTG,G7
CAGTT,TCTG,G8
ACATGT,TCTG,G9
GCGG,TCTG,G10
GTTGA,TCTG,G11
GTGGCT,TCTG,G12
GCTA,GAACA,H1
TGTGT,GAACA,H2
AGTCTG,GAACA,H3
ATCA,GAACA,H4
GACGA,GAACA,H5
TCGTCG,GAACA,H6
TGCT,GAACA,H7
CAGTT,GAACA,H8
ACATGT,GAACA,H9
GCGG,GAACA,H10
GTTGA,GAACA,H11
GTGGCT,GAACA,H12